ref_date,cpi_canada_all_items,cpi_ontario_all_items,canada_cpi_yoy_inflation_percent,ontario_cpi_yoy_inflation_percent,ontario_inflation_gap_vs_canada,canada_housing_starts_saar,ontario_housing_starts_saar
1914-01-01,6.0,,,,,,
1914-02-01,6.0,,,,,,
1914-03-01,6.0,,,,,,
1914-04-01,6.0,,,,,,
1914-05-01,5.9,,,,,,
1914-06-01,6.0,,,,,,
1914-07-01,5.9,,,,,,
1914-08-01,6.0,,,,,,
1914-09-01,6.0,,,,,,
1914-10-01,6.1,,,,,,
1914-11-01,6.1,,,,,,
1914-12-01,6.1,,,,,,
1915-01-01,6.1,,1.6667,,,,
1915-02-01,6.1,,1.6667,,,,
1915-03-01,6.1,,1.6667,,,,
1915-04-01,6.1,,1.6667,,,,
1915-05-01,6.1,,3.3898,,,,
1915-06-01,6.1,,1.6667,,,,
1915-07-01,6.1,,3.3898,,,,
1915-08-01,6.1,,1.6667,,,,
1915-09-01,6.1,,1.6667,,,,
1915-10-01,6.1,,0.0,,,,
1915-11-01,6.3,,3.2787,,,,
1915-12-01,6.3,,3.2787,,,,
1916-01-01,6.4,,4.918,,,,
1916-02-01,6.5,,6.5574,,,,
1916-03-01,6.5,,6.5574,,,,
1916-04-01,6.5,,6.5574,,,,
1916-05-01,6.5,,6.5574,,,,
1916-06-01,6.6,,8.1967,,,,
1916-07-01,6.6,,8.1967,,,,
1916-08-01,6.6,,8.1967,,,,
1916-09-01,6.8,,11.4754,,,,
1916-10-01,6.9,,13.1148,,,,
1916-11-01,7.1,,12.6984,,,,
1916-12-01,7.2,,14.2857,,,,
1917-01-01,7.4,,15.625,,,,
1917-02-01,7.4,,13.8462,,,,
1917-03-01,7.6,,16.9231,,,,
1917-04-01,7.6,,16.9231,,,,
1917-05-01,7.9,,21.5385,,,,
1917-06-01,8.0,,21.2121,,,,
1917-07-01,8.0,,21.2121,,,,
1917-08-01,8.0,,21.2121,,,,
1917-09-01,8.0,,17.6471,,,,
1917-10-01,8.2,,18.8406,,,,
1917-11-01,8.2,,15.493,,,,
1917-12-01,8.3,,15.2778,,,,
1918-01-01,8.4,,13.5135,,,,
1918-02-01,8.5,,14.8649,,,,
1918-03-01,8.6,,13.1579,,,,
1918-04-01,8.6,,13.1579,,,,
1918-05-01,8.7,,10.1266,,,,
1918-06-01,8.8,,10.0,,,,
1918-07-01,8.9,,11.25,,,,
1918-08-01,9.2,,15.0,,,,
1918-09-01,9.2,,15.0,,,,
1918-10-01,9.3,,13.4146,,,,
1918-11-01,9.4,,14.6341,,,,
1918-12-01,9.4,,13.253,,,,
1919-01-01,9.5,,13.0952,,,,
1919-02-01,9.4,,10.5882,,,,
1919-03-01,9.4,,9.3023,,,,
1919-04-01,9.4,,9.3023,,,,
1919-05-01,9.7,,11.4943,,,,
1919-06-01,9.7,,10.2273,,,,
1919-07-01,9.8,,10.1124,,,,
1919-08-01,10.0,,8.6957,,,,
1919-09-01,10.0,,8.6957,,,,
1919-10-01,10.0,,7.5269,,,,
1919-11-01,10.1,,7.4468,,,,
1919-12-01,10.2,,8.5106,,,,
1920-01-01,10.6,,11.5789,,,,
1920-02-01,10.8,,14.8936,,,,
1920-03-01,11.2,,19.1489,,,,
1920-04-01,11.3,,20.2128,,,,
1920-05-01,11.6,,19.5876,,,,
1920-06-01,11.8,,21.6495,,,,
1920-07-01,11.8,,20.4082,,,,
1920-08-01,11.7,,17.0,,,,
1920-09-01,11.5,,15.0,,,,
1920-10-01,11.5,,15.0,,,,
1920-11-01,11.3,,11.8812,,,,
1920-12-01,11.2,,9.8039,,,,
1921-01-01,11.0,,3.7736,,,,
1921-02-01,10.8,,0.0,,,,
1921-03-01,10.5,,-6.25,,,,
1921-04-01,10.2,,-9.7345,,,,
1921-05-01,10.0,,-13.7931,,,,
1921-06-01,9.7,,-17.7966,,,,
1921-07-01,9.7,,-17.7966,,,,
1921-08-01,9.7,,-17.094,,,,
1921-09-01,9.7,,-15.6522,,,,
1921-10-01,9.7,,-15.6522,,,,
1921-11-01,9.4,,-16.8142,,,,
1921-12-01,9.4,,-16.0714,,,,
1922-01-01,9.4,,-14.5455,,,,
1922-02-01,9.3,,-13.8889,,,,
1922-03-01,9.2,,-12.381,,,,
1922-04-01,9.2,,-9.8039,,,,
1922-05-01,9.1,,-9.0,,,,
1922-06-01,9.1,,-6.1856,,,,
1922-07-01,9.1,,-6.1856,,,,
1922-08-01,9.2,,-5.1546,,,,
1922-09-01,9.2,,-5.1546,,,,
1922-10-01,9.2,,-5.1546,,,,
1922-11-01,9.2,,-2.1277,,,,
1922-12-01,9.2,,-2.1277,,,,
1923-01-01,9.2,,-2.1277,,,,
1923-02-01,9.2,,-1.0753,,,,
1923-03-01,9.3,,1.087,,,,
1923-04-01,9.2,,0.0,,,,
1923-05-01,9.2,,1.0989,,,,
1923-06-01,9.2,,1.0989,,,,
1923-07-01,9.1,,0.0,,,,
1923-08-01,9.2,,0.0,,,,
1923-09-01,9.2,,0.0,,,,
1923-10-01,9.2,,0.0,,,,
1923-11-01,9.2,,0.0,,,,
1923-12-01,9.2,,0.0,,,,
1924-01-01,9.2,,0.0,,,,
1924-02-01,9.2,,0.0,,,,
1924-03-01,9.2,,-1.0753,,,,
1924-04-01,9.0,,-2.1739,,,,
1924-05-01,8.9,,-3.2609,,,,
1924-06-01,8.8,,-4.3478,,,,
1924-07-01,8.8,,-3.2967,,,,
1924-08-01,9.0,,-2.1739,,,,
1924-09-01,9.0,,-2.1739,,,,
1924-10-01,9.0,,-2.1739,,,,
1924-11-01,9.1,,-1.087,,,,
1924-12-01,9.1,,-1.087,,,,
1925-01-01,9.2,,0.0,,,,
1925-02-01,9.2,,0.0,,,,
1925-03-01,9.2,,0.0,,,,
1925-04-01,9.1,,1.1111,,,,
1925-05-01,9.0,,1.1236,,,,
1925-06-01,9.0,,2.2727,,,,
1925-07-01,9.0,,2.2727,,,,
1925-08-01,9.1,,1.1111,,,,
1925-09-01,9.1,,1.1111,,,,
1925-10-01,9.2,,2.2222,,,,
1925-11-01,9.2,,1.0989,,,,
1925-12-01,9.3,,2.1978,,,,
1926-01-01,9.2,,0.0,,,,
1926-02-01,9.2,,0.0,,,,
1926-03-01,9.2,,0.0,,,,
1926-04-01,9.2,,1.0989,,,,
1926-05-01,9.2,,2.2222,,,,
1926-06-01,9.2,,2.2222,,,,
1926-07-01,9.2,,2.2222,,,,
1926-08-01,9.2,,1.0989,,,,
1926-09-01,9.2,,1.0989,,,,
1926-10-01,9.2,,0.0,,,,
1926-11-01,9.2,,0.0,,,,
1926-12-01,9.2,,-1.0753,,,,
1927-01-01,9.2,,0.0,,,,
1927-02-01,9.2,,0.0,,,,
1927-03-01,9.1,,-1.087,,,,
1927-04-01,9.0,,-2.1739,,,,
1927-05-01,9.0,,-2.1739,,,,
1927-06-01,9.0,,-2.1739,,,,
1927-07-01,9.1,,-1.087,,,,
1927-08-01,9.0,,-2.1739,,,,
1927-09-01,9.0,,-2.1739,,,,
1927-10-01,9.0,,-2.1739,,,,
1927-11-01,9.1,,-1.087,,,,
1927-12-01,9.1,,-1.087,,,,
1928-01-01,9.2,,0.0,,,,
1928-02-01,9.2,,0.0,,,,
1928-03-01,9.1,,0.0,,,,
1928-04-01,9.1,,1.1111,,,,
1928-05-01,9.0,,0.0,,,,
1928-06-01,9.0,,0.0,,,,
1928-07-01,9.0,,-1.0989,,,,
1928-08-01,9.2,,2.2222,,,,
1928-09-01,9.2,,2.2222,,,,
1928-10-01,9.2,,2.2222,,,,
1928-11-01,9.2,,1.0989,,,,
1928-12-01,9.2,,1.0989,,,,
1929-01-01,9.2,,0.0,,,,
1929-02-01,9.2,,0.0,,,,
1929-03-01,9.2,,1.0989,,,,
1929-04-01,9.1,,0.0,,,,
1929-05-01,9.2,,2.2222,,,,
1929-06-01,9.2,,2.2222,,,,
1929-07-01,9.2,,2.2222,,,,
1929-08-01,9.2,,0.0,,,,
1929-09-01,9.2,,0.0,,,,
1929-10-01,9.3,,1.087,,,,
1929-11-01,9.3,,1.087,,,,
1929-12-01,9.4,,2.1739,,,,
1930-01-01,9.4,,2.1739,,,,
1930-02-01,9.4,,2.1739,,,,
1930-03-01,9.3,,1.087,,,,
1930-04-01,9.2,,1.0989,,,,
1930-05-01,9.2,,0.0,,,,
1930-06-01,9.2,,0.0,,,,
1930-07-01,9.2,,0.0,,,,
1930-08-01,9.2,,0.0,,,,
1930-09-01,8.9,,-3.2609,,,,
1930-10-01,8.9,,-4.3011,,,,
1930-11-01,8.9,,-4.3011,,,,
1930-12-01,8.8,,-6.383,,,,
1931-01-01,8.7,,-7.4468,,,,
1931-02-01,8.6,,-8.5106,,,,
1931-03-01,8.5,,-8.6022,,,,
1931-04-01,8.4,,-8.6957,,,,
1931-05-01,8.3,,-9.7826,,,,
1931-06-01,8.2,,-10.8696,,,,
1931-07-01,8.1,,-11.9565,,,,
1931-08-01,8.2,,-10.8696,,,,
1931-09-01,8.1,,-8.9888,,,,
1931-10-01,7.9,,-11.236,,,,
1931-11-01,7.9,,-11.236,,,,
1931-12-01,7.9,,-10.2273,,,,
1932-01-01,7.8,,-10.3448,,,,
1932-02-01,7.6,,-11.6279,,,,
1932-03-01,7.6,,-10.5882,,,,
1932-04-01,7.6,,-9.5238,,,,
1932-05-01,7.4,,-10.8434,,,,
1932-06-01,7.4,,-9.7561,,,,
1932-07-01,7.4,,-8.642,,,,
1932-08-01,7.4,,-9.7561,,,,
1932-09-01,7.4,,-8.642,,,,
1932-10-01,7.3,,-7.5949,,,,
1932-11-01,7.3,,-7.5949,,,,
1932-12-01,7.3,,-7.5949,,,,
1933-01-01,7.2,,-7.6923,,,,
1933-02-01,7.2,,-5.2632,,,,
1933-03-01,7.1,,-6.5789,,,,
1933-04-01,7.1,,-6.5789,,,,
1933-05-01,7.1,,-4.0541,,,,
1933-06-01,7.1,,-4.0541,,,,
1933-07-01,7.1,,-4.0541,,,,
1933-08-01,7.2,,-2.7027,,,,
1933-09-01,7.2,,-2.7027,,,,
1933-10-01,7.1,,-2.7397,,,,
1933-11-01,7.1,,-2.7397,,,,
1933-12-01,7.1,,-2.7397,,,,
1934-01-01,7.2,,0.0,,,,
1934-02-01,7.2,,0.0,,,,
1934-03-01,7.3,,2.8169,,,,
1934-04-01,7.3,,2.8169,,,,
1934-05-01,7.2,,1.4085,,,,
1934-06-01,7.2,,1.4085,,,,
1934-07-01,7.2,,1.4085,,,,
1934-08-01,7.2,,0.0,,,,
1934-09-01,7.2,,0.0,,,,
1934-10-01,7.2,,1.4085,,,,
1934-11-01,7.2,,1.4085,,,,
1934-12-01,7.2,,1.4085,,,,
1935-01-01,7.2,,0.0,,,,
1935-02-01,7.2,,0.0,,,,
1935-03-01,7.2,,-1.3699,,,,
1935-04-01,7.2,,-1.3699,,,,
1935-05-01,7.2,,0.0,,,,
1935-06-01,7.2,,0.0,,,,
1935-07-01,7.2,,0.0,,,,
1935-08-01,7.2,,0.0,,,,
1935-09-01,7.3,,1.3889,,,,
1935-10-01,7.3,,1.3889,,,,
1935-11-01,7.4,,2.7778,,,,
1935-12-01,7.4,,2.7778,,,,
1936-01-01,7.4,,2.7778,,,,
1936-02-01,7.4,,2.7778,,,,
1936-03-01,7.4,,2.7778,,,,
1936-04-01,7.3,,1.3889,,,,
1936-05-01,7.3,,1.3889,,,,
1936-06-01,7.3,,1.3889,,,,
1936-07-01,7.4,,2.7778,,,,
1936-08-01,7.4,,2.7778,,,,
1936-09-01,7.4,,1.3699,,,,
1936-10-01,7.5,,2.7397,,,,
1936-11-01,7.5,,1.3514,,,,
1936-12-01,7.5,,1.3514,,,,
1937-01-01,7.6,,2.7027,,,,
1937-02-01,7.6,,2.7027,,,,
1937-03-01,7.6,,2.7027,,,,
1937-04-01,7.6,,4.1096,,,,
1937-05-01,7.6,,4.1096,,,,
1937-06-01,7.6,,4.1096,,,,
1937-07-01,7.6,,2.7027,,,,
1937-08-01,7.7,,4.0541,,,,
1937-09-01,7.7,,4.0541,,,,
1937-10-01,7.8,,4.0,,,,
1937-11-01,7.8,,4.0,,,,
1937-12-01,7.8,,4.0,,,,
1938-01-01,7.7,,1.3158,,,,
1938-02-01,7.7,,1.3158,,,,
1938-03-01,7.8,,2.6316,,,,
1938-04-01,7.8,,2.6316,,,,
1938-05-01,7.7,,1.3158,,,,
1938-06-01,7.7,,1.3158,,,,
1938-07-01,7.8,,2.6316,,,,
1938-08-01,7.8,,1.2987,,,,
1938-09-01,7.7,,0.0,,,,
1938-10-01,7.6,,-2.5641,,,,
1938-11-01,7.6,,-2.5641,,,,
1938-12-01,7.6,,-2.5641,,,,
1939-01-01,7.6,,-1.2987,,,,
1939-02-01,7.6,,-1.2987,,,,
1939-03-01,7.6,,-2.5641,,,,
1939-04-01,7.6,,-2.5641,,,,
1939-05-01,7.6,,-1.2987,,,,
1939-06-01,7.6,,-1.2987,,,,
1939-07-01,7.6,,-2.5641,,,,
1939-08-01,7.6,,-2.5641,,,,
1939-09-01,7.6,,-1.2987,,,,
1939-10-01,7.8,,2.6316,,,,
1939-11-01,7.8,,2.6316,,,,
1939-12-01,7.8,,2.6316,,,,
1940-01-01,7.8,,2.6316,,,,
1940-02-01,7.8,,2.6316,,,,
1940-03-01,7.9,,3.9474,,,,
1940-04-01,7.9,,3.9474,,,,
1940-05-01,7.9,,3.9474,,,,
1940-06-01,7.9,,3.9474,,,,
1940-07-01,8.0,,5.2632,,,,
1940-08-01,8.0,,5.2632,,,,
1940-09-01,8.1,,6.5789,,,,
1940-10-01,8.1,,3.8462,,,,
1940-11-01,8.1,,3.8462,,,,
1940-12-01,8.2,,5.1282,,,,
1941-01-01,8.2,,5.1282,,,,
1941-02-01,8.2,,5.1282,,,,
1941-03-01,8.2,,3.7975,,,,
1941-04-01,8.2,,3.7975,,,,
1941-05-01,8.2,,3.7975,,,,
1941-06-01,8.4,,6.3291,,,,
1941-07-01,8.5,,6.25,,,,
1941-08-01,8.6,,7.5,,,,
1941-09-01,8.7,,7.4074,,,,
1941-10-01,8.7,,7.4074,,,,
1941-11-01,8.8,,8.642,,,,
1941-12-01,8.7,,6.0976,,,,
1942-01-01,8.7,,6.0976,,,,
1942-02-01,8.7,,6.0976,,,,
1942-03-01,8.8,,7.3171,,,,
1942-04-01,8.8,,7.3171,,,,
1942-05-01,8.8,,7.3171,,,,
1942-06-01,8.8,,4.7619,,,,
1942-07-01,8.9,,4.7059,,,,
1942-08-01,8.9,,3.4884,,,,
1942-09-01,8.8,,1.1494,,,,
1942-10-01,8.9,,2.2989,,,,
1942-11-01,9.0,,2.2727,,,,
1942-12-01,9.0,,3.4483,,,,
1943-01-01,8.8,,1.1494,,,,
1943-02-01,8.8,,1.1494,,,,
1943-03-01,8.8,,0.0,,,,
1943-04-01,9.0,,2.2727,,,,
1943-05-01,9.0,,2.2727,,,,
1943-06-01,9.0,,2.2727,,,,
1943-07-01,9.1,,2.2472,,,,
1943-08-01,9.1,,2.2472,,,,
1943-09-01,9.2,,4.5455,,,,
1943-10-01,9.2,,3.3708,,,,
1943-11-01,9.2,,2.2222,,,,
1943-12-01,9.2,,2.2222,,,,
1944-01-01,9.1,,3.4091,,,,
1944-02-01,9.1,,3.4091,,,,
1944-03-01,9.1,,3.4091,,,,
1944-04-01,9.1,,1.1111,,,,
1944-05-01,9.1,,1.1111,,,,
1944-06-01,9.1,,1.1111,,,,
1944-07-01,9.1,,0.0,,,,
1944-08-01,9.1,,0.0,,,,
1944-09-01,9.1,,-1.087,,,,
1944-10-01,9.1,,-1.087,,,,
1944-11-01,9.1,,-1.087,,,,
1944-12-01,9.0,,-2.1739,,,,
1945-01-01,9.0,,-1.0989,,,,
1945-02-01,9.1,,0.0,,,,
1945-03-01,9.1,,0.0,,,,
1945-04-01,9.1,,0.0,,,,
1945-05-01,9.1,,0.0,,,,
1945-06-01,9.2,,1.0989,,,,
1945-07-01,9.2,,1.0989,,,,
1945-08-01,9.2,,1.0989,,,,
1945-09-01,9.2,,1.0989,,,,
1945-10-01,9.2,,1.0989,,,,
1945-11-01,9.2,,1.0989,,,,
1945-12-01,9.2,,2.2222,,,,
1946-01-01,9.2,,2.2222,,,,
1946-02-01,9.2,,1.0989,,,,
1946-03-01,9.2,,1.0989,,,,
1946-04-01,9.2,,1.0989,,,,
1946-05-01,9.2,,1.0989,,,,
1946-06-01,9.4,,2.1739,,,,
1946-07-01,9.5,,3.2609,,,,
1946-08-01,9.6,,4.3478,,,,
1946-09-01,9.6,,4.3478,,,,
1946-10-01,9.7,,5.4348,,,,
1946-11-01,9.7,,5.4348,,,,
1946-12-01,9.7,,5.4348,,,,
1947-01-01,9.7,,5.4348,,,,
1947-02-01,9.7,,5.4348,,,,
1947-03-01,9.8,,6.5217,,,,
1947-04-01,9.9,,7.6087,,,,
1947-05-01,10.1,,9.7826,,,,
1947-06-01,10.2,,8.5106,,,,
1947-07-01,10.3,,8.4211,,,,
1947-08-01,10.3,,7.2917,,,,
1947-09-01,10.6,,10.4167,,,,
1947-10-01,10.8,,11.3402,,,,
1947-11-01,10.9,,12.3711,,,,
1947-12-01,11.1,,14.433,,,,
1948-01-01,11.2,,15.4639,,,,
1948-02-01,11.4,,17.5258,,,,
1948-03-01,11.4,,16.3265,,,,
1948-04-01,11.5,,16.1616,,,,
1948-05-01,11.6,,14.8515,,,,
1948-06-01,11.8,,15.6863,,,,
1948-07-01,11.8,,14.5631,,,,
1948-08-01,11.9,,15.534,,,,
1948-09-01,12.1,,14.1509,,,,
1948-10-01,12.1,,12.037,,,,
1948-11-01,12.1,,11.0092,,,,
1948-12-01,12.1,,9.009,,,,
1949-01-01,12.1,,8.0357,,,,
1949-02-01,12.1,,6.1404,,,,
1949-03-01,12.1,,6.1404,,,,
1949-04-01,12.1,,5.2174,,,,
1949-05-01,12.1,,4.3103,,,,
1949-06-01,12.1,,2.5424,,,,
1949-07-01,12.1,,2.5424,,,,
1949-08-01,12.2,,2.521,,,,
1949-09-01,12.2,,0.8264,,,,
1949-10-01,12.3,,1.6529,,,,
1949-11-01,12.3,,1.6529,,,,
1949-12-01,12.2,,0.8264,,,,
1950-01-01,12.1,,0.0,,,,
1950-02-01,12.2,,0.8264,,,,
1950-03-01,12.3,,1.6529,,,,
1950-04-01,12.3,,1.6529,,,,
1950-05-01,12.3,,1.6529,,,,
1950-06-01,12.3,,1.6529,,,,
1950-07-01,12.4,,2.4793,,,,
1950-08-01,12.5,,2.459,,,,
1950-09-01,12.7,,4.0984,,,,
1950-10-01,12.9,,4.878,,,,
1950-11-01,12.9,,4.878,,,,
1950-12-01,12.9,,5.7377,,,,
1951-01-01,13.0,,7.438,,,,
1951-02-01,13.3,,9.0164,,,,
1951-03-01,13.4,,8.9431,,,,
1951-04-01,13.6,,10.5691,,,,
1951-05-01,13.6,,10.5691,,,,
1951-06-01,13.9,,13.0081,,,,
1951-07-01,13.9,,12.0968,,,,
1951-08-01,14.0,,12.0,,,,
1951-09-01,14.1,,11.0236,,,,
1951-10-01,14.2,,10.0775,,,,
1951-11-01,14.3,,10.8527,,,,
1951-12-01,14.3,,10.8527,,,,
1952-01-01,14.4,,10.7692,,,,
1952-02-01,14.3,,7.5188,,,,
1952-03-01,14.2,,5.9701,,,,
1952-04-01,14.2,,4.4118,,,,
1952-05-01,14.1,,3.6765,,,,
1952-06-01,14.1,,1.4388,,,,
1952-07-01,14.1,,1.4388,,,,
1952-08-01,14.1,,0.7143,,,,
1952-09-01,14.1,,0.0,,,,
1952-10-01,14.1,,-0.7042,,,,
1952-11-01,14.1,,-1.3986,,,,
1952-12-01,14.1,,-1.3986,,,,
1953-01-01,14.1,,-2.0833,,,,
1953-02-01,14.0,,-2.0979,,,,
1953-03-01,13.9,,-2.1127,,,,
1953-04-01,13.9,,-2.1127,,,,
1953-05-01,13.9,,-1.4184,,,,
1953-06-01,13.9,,-1.4184,,,,
1953-07-01,13.9,,-1.4184,,,,
1953-08-01,14.1,,0.0,,,,
1953-09-01,14.1,,0.0,,,,
1953-10-01,14.2,,0.7092,,,,
1953-11-01,14.1,,0.0,,,,
1953-12-01,14.1,,0.0,,,,
1954-01-01,14.1,,0.0,,,,
1954-02-01,14.1,,0.7143,,,,
1954-03-01,14.0,,0.7194,,,,
1954-04-01,14.0,,0.7194,,,,
1954-05-01,14.0,,0.7194,,,,
1954-06-01,14.1,,1.4388,,,,
1954-07-01,14.1,,1.4388,,,,
1954-08-01,14.2,,0.7092,,,,
1954-09-01,14.2,,0.7092,,,,
1954-10-01,14.2,,0.0,,,,
1954-11-01,14.2,,0.7092,,,,
1954-12-01,14.1,,0.0,,,,
1955-01-01,14.1,,0.0,,,,
1955-02-01,14.1,,0.0,,,,
1955-03-01,14.1,,0.7143,,,,
1955-04-01,14.1,,0.7143,,,,
1955-05-01,14.1,,0.7143,,,,
1955-06-01,14.1,,0.0,,,,
1955-07-01,14.1,,0.0,,,,
1955-08-01,14.1,,-0.7042,,,,
1955-09-01,14.2,,0.0,,,,
1955-10-01,14.2,,0.0,,,,
1955-11-01,14.2,,0.0,,,,
1955-12-01,14.2,,0.7092,,,,
1956-01-01,14.2,,0.7092,,,,
1956-02-01,14.1,,0.0,,,,
1956-03-01,14.1,,0.0,,,,
1956-04-01,14.1,,0.0,,,,
1956-05-01,14.1,,0.0,,,,
1956-06-01,14.3,,1.4184,,,,
1956-07-01,14.4,,2.1277,,,,
1956-08-01,14.5,,2.8369,,,,
1956-09-01,14.4,,1.4085,,,,
1956-10-01,14.5,,2.1127,,,,
1956-11-01,14.6,,2.8169,,,,
1956-12-01,14.6,,2.8169,,,,
1957-01-01,14.6,,2.8169,,,,
1957-02-01,14.6,,3.5461,,,,
1957-03-01,14.6,,3.5461,,,,
1957-04-01,14.7,,4.2553,,,,
1957-05-01,14.7,,4.2553,,,,
1957-06-01,14.8,,3.4965,,,,
1957-07-01,14.8,,2.7778,,,,
1957-08-01,14.9,,2.7586,,,,
1957-09-01,15.0,,4.1667,,,,
1957-10-01,15.0,,3.4483,,,,
1957-11-01,15.0,,2.7397,,,,
1957-12-01,14.9,,2.0548,,,,
1958-01-01,15.0,,2.7397,,,,
1958-02-01,15.0,,2.7397,,,,
1958-03-01,15.1,,3.4247,,,,
1958-04-01,15.1,,2.7211,,,,
1958-05-01,15.1,,2.7211,,,,
1958-06-01,15.1,,2.027,,,,
1958-07-01,15.1,,2.027,,,,
1958-08-01,15.1,,1.3423,,,,
1958-09-01,15.3,,2.0,,,,
1958-10-01,15.3,,2.0,,,,
1958-11-01,15.3,,2.0,,,,
1958-12-01,15.3,,2.6846,,,,
1959-01-01,15.3,,2.0,,,,
1959-02-01,15.3,,2.0,,,,
1959-03-01,15.2,,0.6623,,,,
1959-04-01,15.2,,0.6623,,,,
1959-05-01,15.3,,1.3245,,,,
1959-06-01,15.1,,0.0,,,,
1959-07-01,15.3,,1.3245,,,,
1959-08-01,15.3,,1.3245,,,,
1959-09-01,15.5,,1.3072,,,,
1959-10-01,15.5,,1.3072,,,,
1959-11-01,15.5,,1.3072,,,,
1959-12-01,15.5,,1.3072,,,,
1960-01-01,15.5,,1.3072,,,,
1960-02-01,15.5,,1.3072,,,,
1960-03-01,15.4,,1.3158,,,,
1960-04-01,15.5,,1.9737,,,,
1960-05-01,15.5,,1.3072,,,,
1960-06-01,15.5,,2.649,,,,
1960-07-01,15.5,,1.3072,,,,
1960-08-01,15.5,,1.3072,,,,
1960-09-01,15.5,,0.0,,,,
1960-10-01,15.7,,1.2903,,,,
1960-11-01,15.7,,1.2903,,,,
1960-12-01,15.7,,1.2903,,,,
1961-01-01,15.7,,1.2903,,,,
1961-02-01,15.7,,1.2903,,,,
1961-03-01,15.7,,1.9481,,,,
1961-04-01,15.7,,1.2903,,,,
1961-05-01,15.7,,1.2903,,,,
1961-06-01,15.7,,1.2903,,,,
1961-07-01,15.7,,1.2903,,,,
1961-08-01,15.7,,1.2903,,,,
1961-09-01,15.7,,1.2903,,,,
1961-10-01,15.7,,0.0,,,,
1961-11-01,15.7,,0.0,,,,
1961-12-01,15.7,,0.0,,,,
1962-01-01,15.7,,0.0,,,,
1962-02-01,15.7,,0.0,,,,
1962-03-01,15.7,,0.0,,,,
1962-04-01,15.8,,0.6369,,,,
1962-05-01,15.8,,0.6369,,,,
1962-06-01,15.9,,1.2739,,,,
1962-07-01,15.9,,1.2739,,,,
1962-08-01,16.0,,1.9108,,,,
1962-09-01,15.9,,1.2739,,,,
1962-10-01,16.0,,1.9108,,,,
1962-11-01,16.0,,1.9108,,,,
1962-12-01,16.0,,1.9108,,,,
1963-01-01,16.0,,1.9108,,,,
1963-02-01,16.0,,1.9108,,,,
1963-03-01,16.0,,1.9108,,,,
1963-04-01,16.0,,1.2658,,,,
1963-05-01,16.0,,1.2658,,,,
1963-06-01,16.0,,0.6289,,,,
1963-07-01,16.2,,1.8868,,,,
1963-08-01,16.3,,1.875,,,,
1963-09-01,16.2,,1.8868,,,,
1963-10-01,16.2,,1.25,,,,
1963-11-01,16.3,,1.875,,,,
1963-12-01,16.3,,1.875,,,,
1964-01-01,16.3,,1.875,,,,
1964-02-01,16.3,,1.875,,,,
1964-03-01,16.3,,1.875,,,,
1964-04-01,16.4,,2.5,,,,
1964-05-01,16.4,,2.5,,,,
1964-06-01,16.4,,2.5,,,,
1964-07-01,16.5,,1.8519,,,,
1964-08-01,16.5,,1.227,,,,
1964-09-01,16.5,,1.8519,,,,
1964-10-01,16.5,,1.8519,,,,
1964-11-01,16.5,,1.227,,,,
1964-12-01,16.6,,1.8405,,,,
1965-01-01,16.6,,1.8405,,,,
1965-02-01,16.6,,1.8405,,,,
1965-03-01,16.6,,1.8405,,,,
1965-04-01,16.7,,1.8293,,,,
1965-05-01,16.7,,1.8293,,,,
1965-06-01,16.9,,3.0488,,,,
1965-07-01,16.9,,2.4242,,,,
1965-08-01,16.9,,2.4242,,,,
1965-09-01,16.9,,2.4242,,,,
1965-10-01,16.9,,2.4242,,,,
1965-11-01,17.0,,3.0303,,,,
1965-12-01,17.1,,3.012,,,,
1966-01-01,17.1,,3.012,,,,
1966-02-01,17.2,,3.6145,,,,
1966-03-01,17.3,,4.2169,,,,
1966-04-01,17.4,,4.1916,,,,
1966-05-01,17.4,,4.1916,,,,
1966-06-01,17.5,,3.5503,,,,
1966-07-01,17.5,,3.5503,,,,
1966-08-01,17.6,,4.142,,,,
1966-09-01,17.6,,4.142,,,,
1966-10-01,17.6,,4.142,,,,
1966-11-01,17.6,,3.5294,,,,
1966-12-01,17.7,,3.5088,,,,
1967-01-01,17.7,,3.5088,,,,
1967-02-01,17.7,,2.907,,,,
1967-03-01,17.8,,2.8902,,,,
1967-04-01,17.9,,2.8736,,,,
1967-05-01,18.0,,3.4483,,,,
1967-06-01,18.1,,3.4286,,,,
1967-07-01,18.2,,4.0,,,,
1967-08-01,18.3,,3.9773,,,,
1967-09-01,18.3,,3.9773,,,,
1967-10-01,18.3,,3.9773,,,,
1967-11-01,18.3,,3.9773,,,,
1967-12-01,18.4,,3.9548,,,,
1968-01-01,18.5,,4.5198,,,,
1968-02-01,18.5,,4.5198,,,,
1968-03-01,18.6,,4.4944,,,,
1968-04-01,18.6,,3.9106,,,,
1968-05-01,18.6,,3.3333,,,,
1968-06-01,18.7,,3.3149,,,,
1968-07-01,18.9,,3.8462,,,,
1968-08-01,19.0,,3.8251,,,,
1968-09-01,19.0,,3.8251,,,,
1968-10-01,19.0,,3.8251,,,,
1968-11-01,19.2,,4.918,,,,
1968-12-01,19.2,,4.3478,,,,
1969-01-01,19.2,,3.7838,,,,
1969-02-01,19.2,,3.7838,,,,
1969-03-01,19.3,,3.7634,,,,
1969-04-01,19.6,,5.3763,,,,
1969-05-01,19.6,,5.3763,,,,
1969-06-01,19.7,,5.3476,,,,
1969-07-01,19.8,,4.7619,,,,
1969-08-01,19.9,,4.7368,,,,
1969-09-01,19.9,,4.7368,,,,
1969-10-01,19.9,,4.7368,,,,
1969-11-01,19.9,,3.6458,,,,
1969-12-01,20.1,,4.6875,,,,
1970-01-01,20.2,,5.2083,,,,
1970-02-01,20.2,,5.2083,,,,
1970-03-01,20.2,,4.6632,,,,
1970-04-01,20.3,,3.5714,,,,
1970-05-01,20.3,,3.5714,,,,
1970-06-01,20.3,,3.0457,,,,
1970-07-01,20.5,,3.5354,,,,
1970-08-01,20.5,,3.0151,,,,
1970-09-01,20.4,,2.5126,,,,
1970-10-01,20.4,,2.5126,,,,
1970-11-01,20.4,,2.5126,,,,
1970-12-01,20.3,,0.995,,,,
1971-01-01,20.4,,0.9901,,,,
1971-02-01,20.5,,1.4851,,,,
1971-03-01,20.5,,1.4851,,,,
1971-04-01,20.7,,1.9704,,,,
1971-05-01,20.7,,1.9704,,,,
1971-06-01,20.8,,2.4631,,,,
1971-07-01,21.0,,2.439,,,,
1971-08-01,21.2,,3.4146,,,,
1971-09-01,21.1,,3.4314,,,,
1971-10-01,21.2,,3.9216,,,,
1971-11-01,21.2,,3.9216,,,,
1971-12-01,21.3,,4.9261,,,,
1972-01-01,21.4,,4.902,,,,
1972-02-01,21.5,,4.878,,,,
1972-03-01,21.6,,5.3659,,,,
1972-04-01,21.7,,4.8309,,,,
1972-05-01,21.7,,4.8309,,,,
1972-06-01,21.7,,4.3269,,,,
1972-07-01,22.0,,4.7619,,,,
1972-08-01,22.2,,4.717,,,,
1972-09-01,22.3,,5.6872,,,,
1972-10-01,22.3,,5.1887,,,,
1972-11-01,22.3,,5.1887,,,,
1972-12-01,22.4,,5.1643,,,,
1973-01-01,22.6,,5.6075,,,,
1973-02-01,22.8,,6.0465,,,,
1973-03-01,22.8,,5.5556,,,,
1973-04-01,23.1,,6.4516,,,,
1973-05-01,23.2,,6.9124,,,,
1973-06-01,23.4,,7.8341,,,,
1973-07-01,23.7,,7.7273,,,,
1973-08-01,24.0,,8.1081,,,,
1973-09-01,24.1,,8.0717,,,,
1973-10-01,24.2,,8.5202,,,,
1973-11-01,24.4,,9.417,,,,
1973-12-01,24.5,,9.375,,,,
1974-01-01,24.7,,9.292,,,,
1974-02-01,24.9,,9.2105,,,,
1974-03-01,25.2,,10.5263,,,,
1974-04-01,25.4,,9.9567,,,,
1974-05-01,25.9,,11.6379,,,,
1974-06-01,26.1,,11.5385,,,,
1974-07-01,26.3,,10.9705,,,,
1974-08-01,26.6,,10.8333,,,,
1974-09-01,26.8,,11.2033,,,,
1974-10-01,27.1,,11.9835,,,,
1974-11-01,27.3,,11.8852,,,,
1974-12-01,27.6,,12.6531,,,,
1975-01-01,27.6,,11.7409,,,,
1975-02-01,27.9,,12.0482,,,,
1975-03-01,28.0,,11.1111,,,,
1975-04-01,28.2,,11.0236,,,,
1975-05-01,28.5,,10.0386,,,,
1975-06-01,28.8,,10.3448,,,,
1975-07-01,29.2,,11.0266,,,,
1975-08-01,29.5,,10.9023,,,,
1975-09-01,29.6,,10.4478,,,,
1975-10-01,29.8,,9.9631,,,,
1975-11-01,30.1,,10.2564,,,,
1975-12-01,30.2,,9.4203,,,,
1976-01-01,30.3,,9.7826,,,,
1976-02-01,30.5,,9.319,,,,
1976-03-01,30.6,,9.2857,,,,
1976-04-01,30.7,,8.8652,,,,
1976-05-01,30.9,,8.4211,,,,
1976-06-01,31.1,,7.9861,,,,
1976-07-01,31.3,,7.1918,,,,
1976-08-01,31.3,,6.1017,,,,
1976-09-01,31.5,,6.4189,,,,
1976-10-01,31.7,,6.3758,,,,
1976-11-01,31.8,,5.6478,,,,
1976-12-01,31.9,,5.6291,,,,
1977-01-01,32.2,,6.2706,,,,
1977-02-01,32.4,,6.2295,,,,
1977-03-01,32.8,,7.1895,,,,
1977-04-01,33.0,,7.4919,,,,
1977-05-01,33.4,,8.0906,,,,
1977-06-01,33.5,,7.717,,,,
1977-07-01,33.9,,8.3067,,,,
1977-08-01,33.9,,8.3067,,,,
1977-09-01,34.2,,8.5714,,,,
1977-10-01,34.5,,8.8328,,,,
1977-11-01,34.7,,9.1195,,,,
1977-12-01,34.9,,9.4044,,,,
1978-01-01,35.1,,9.0062,,,,
1978-02-01,35.4,,9.2593,,,,
1978-03-01,35.7,,8.8415,,,,
1978-04-01,35.8,,8.4848,,,,
1978-05-01,36.3,,8.6826,,,,
1978-06-01,36.6,,9.2537,,,,
1978-07-01,37.1,,9.4395,,,,
1978-08-01,37.2,,9.7345,,,,
1978-09-01,37.1,36.0,8.4795,,,,
1978-10-01,37.6,36.5,8.9855,,,,
1978-11-01,37.8,36.9,8.9337,,,,
1978-12-01,37.9,36.9,8.596,,,,
1979-01-01,38.1,37.2,8.547,,,,
1979-02-01,38.6,37.5,9.0395,,,,
1979-03-01,39.0,38.0,9.2437,,,,
1979-04-01,39.3,38.3,9.7765,,,,
1979-05-01,39.7,38.6,9.3664,,,,
1979-06-01,39.9,38.9,9.0164,,,,
1979-07-01,40.2,39.2,8.3558,,,,
1979-08-01,40.3,39.3,8.3333,,,,
1979-09-01,40.7,39.5,9.7035,9.7222,0.0187,,
1979-10-01,41.0,40.0,9.0426,9.589,0.5465,,
1979-11-01,41.4,40.4,9.5238,9.4851,-0.0387,,
1979-12-01,41.6,40.6,9.7625,10.0271,0.2646,,
1980-01-01,41.8,40.9,9.7113,9.9462,0.235,,
1980-02-01,42.3,41.3,9.5855,10.1333,0.5478,,
1980-03-01,42.6,41.7,9.2308,9.7368,0.5061,,
1980-04-01,42.9,42.0,9.1603,9.6606,0.5003,,
1980-05-01,43.4,42.4,9.3199,9.8446,0.5247,,
1980-06-01,43.9,42.9,10.0251,10.2828,0.2577,,
1980-07-01,44.2,43.1,9.9502,9.949,-0.0013,,
1980-08-01,44.7,43.5,10.9181,10.687,-0.2311,,
1980-09-01,45.0,44.0,10.5651,11.3924,0.8273,,
1980-10-01,45.4,44.3,10.7317,10.75,0.0183,,
1980-11-01,46.0,44.6,11.1111,10.396,-0.7151,,
1980-12-01,46.2,45.0,11.0577,10.8374,-0.2203,,
1981-01-01,46.9,45.6,12.201,11.4914,-0.7095,,
1981-02-01,47.4,46.0,12.0567,11.3801,-0.6766,,
1981-03-01,48.0,46.6,12.6761,11.7506,-0.9255,,
1981-04-01,48.3,47.0,12.5874,11.9048,-0.6827,,
1981-05-01,48.7,47.4,12.212,11.7925,-0.4195,,
1981-06-01,49.5,48.2,12.7563,12.3543,-0.402,,
1981-07-01,49.9,48.6,12.8959,12.761,-0.1349,,
1981-08-01,50.3,49.0,12.528,12.6437,0.1157,,
1981-09-01,50.7,49.2,12.6667,11.8182,-0.8485,,
1981-10-01,51.2,49.9,12.7753,12.6411,-0.1342,,
1981-11-01,51.6,50.2,12.1739,12.5561,0.3821,,
1981-12-01,51.8,50.2,12.1212,11.5556,-0.5657,,
1982-01-01,52.2,50.5,11.3006,10.7456,-0.555,,
1982-02-01,52.8,51.1,11.3924,11.087,-0.3054,,
1982-03-01,53.5,51.9,11.4583,11.3734,-0.0849,,
1982-04-01,53.8,52.2,11.3872,11.0638,-0.3233,,
1982-05-01,54.5,52.9,11.9097,11.6034,-0.3063,,
1982-06-01,55.1,53.5,11.3131,10.9959,-0.3173,,
1982-07-01,55.4,53.9,11.022,10.9053,-0.1167,,
1982-08-01,55.6,54.0,10.5368,10.2041,-0.3327,,
1982-09-01,55.9,54.4,10.2564,10.5691,0.3127,,
1982-10-01,56.3,54.7,9.9609,9.6192,-0.3417,,
1982-11-01,56.6,55.1,9.6899,9.761,0.071,,
1982-12-01,56.6,55.3,9.2664,10.1594,0.893,,
1983-01-01,56.5,55.1,8.2375,9.1089,0.8714,,
1983-02-01,56.8,55.4,7.5758,8.4149,0.8391,,
1983-03-01,57.4,55.9,7.2897,7.7071,0.4174,,
1983-04-01,57.4,55.5,6.6914,6.3218,-0.3696,,
1983-05-01,57.5,55.7,5.5046,5.293,-0.2116,,
1983-06-01,58.1,56.8,5.4446,6.1682,0.7236,,
1983-07-01,58.4,56.9,5.4152,5.5659,0.1507,,
1983-08-01,58.7,57.3,5.5755,6.1111,0.5356,,
1983-09-01,58.7,57.3,5.0089,5.3309,0.3219,,
1983-10-01,59.1,57.6,4.9734,5.3016,0.3283,,
1983-11-01,59.1,57.5,4.417,4.3557,-0.0612,,
1983-12-01,59.2,57.9,4.5936,4.7016,0.108,,
1984-01-01,59.6,58.4,5.4867,5.9891,0.5024,,
1984-02-01,59.9,58.7,5.4577,5.9567,0.4989,,
1984-03-01,60.0,58.7,4.5296,5.0089,0.4793,,
1984-04-01,60.2,58.9,4.878,6.1261,1.2481,,
1984-05-01,60.2,58.9,4.6957,5.7451,1.0494,,
1984-06-01,60.6,59.3,4.3029,4.4014,0.0985,,
1984-07-01,60.8,59.7,4.1096,4.9209,0.8113,,
1984-08-01,60.8,59.7,3.5775,4.1885,0.611,,
1984-09-01,60.9,59.8,3.7479,4.363,0.6151,,
1984-10-01,61.1,59.9,3.3841,3.9931,0.609,,
1984-11-01,61.4,60.4,3.8917,5.0435,1.1518,,
1984-12-01,61.4,60.3,3.7162,4.1451,0.4289,,
1985-01-01,61.7,60.7,3.5235,3.9384,0.4149,,
1985-02-01,62.1,61.0,3.6728,3.9182,0.2454,,
1985-03-01,62.2,61.3,3.6667,4.4293,0.7626,,
1985-04-01,62.5,61.3,3.8206,4.0747,0.2541,,
1985-05-01,62.7,61.4,4.1528,4.2445,0.0917,,
1985-06-01,63.0,61.8,3.9604,4.2159,0.2555,,
1985-07-01,63.3,61.9,4.1118,3.6851,-0.4267,,
1985-08-01,63.3,62.1,4.1118,4.0201,-0.0917,,
1985-09-01,63.4,62.1,4.1051,3.8462,-0.2589,,
1985-10-01,63.6,62.4,4.0917,4.1736,0.082,,
1985-11-01,63.8,62.7,3.9088,3.8079,-0.1008,,
1985-12-01,64.1,63.0,4.3974,4.4776,0.0802,,
1986-01-01,64.4,63.4,4.376,4.4481,0.0721,,
1986-02-01,64.7,63.6,4.1868,4.2623,0.0755,,
1986-03-01,64.9,63.7,4.3408,3.9152,-0.4257,,
1986-04-01,64.9,63.8,3.84,4.0783,0.2383,,
1986-05-01,65.3,64.1,4.1467,4.3974,0.2507,,
1986-06-01,65.4,64.3,3.8095,4.0453,0.2358,,
1986-07-01,65.9,64.8,4.1074,4.685,0.5776,,
1986-08-01,66.0,65.0,4.2654,4.6699,0.4045,,
1986-09-01,66.0,65.0,4.1009,4.6699,0.5689,,
1986-10-01,66.4,65.4,4.4025,4.8077,0.4052,,
1986-11-01,66.7,65.8,4.5455,4.9442,0.3987,,
1986-12-01,66.8,65.9,4.2122,4.6032,0.391,,
1987-01-01,67.0,66.2,4.0373,4.4164,0.3791,,
1987-02-01,67.3,66.5,4.0185,4.5597,0.5412,,
1987-03-01,67.5,66.8,4.0062,4.8666,0.8604,,
1987-04-01,67.9,67.2,4.6225,5.3292,0.7067,,
1987-05-01,68.3,67.6,4.5942,5.4602,0.866,,
1987-06-01,68.5,67.8,4.7401,5.4432,0.7032,,
1987-07-01,68.9,68.4,4.5524,5.5556,1.0032,,
1987-08-01,69.0,68.4,4.5455,5.2308,0.6853,,
1987-09-01,69.0,68.4,4.5455,5.2308,0.6853,,
1987-10-01,69.2,68.7,4.2169,5.0459,0.829,,
1987-11-01,69.5,68.9,4.1979,4.7112,0.5133,,
1987-12-01,69.6,68.8,4.1916,4.4006,0.209,,
1988-01-01,69.7,69.0,4.0299,4.2296,0.1998,,
1988-02-01,70.0,69.3,4.0119,4.2105,0.1986,,
1988-03-01,70.4,69.7,4.2963,4.3413,0.045,,
1988-04-01,70.6,69.9,3.9764,4.0179,0.0414,,
1988-05-01,71.0,70.8,3.9531,4.7337,0.7806,,
1988-06-01,71.2,71.0,3.9416,4.7198,0.7782,,
1988-07-01,71.6,71.4,3.9187,4.386,0.4672,,
1988-08-01,71.7,71.7,3.913,4.8246,0.9115,,
1988-09-01,71.8,71.8,4.058,4.9708,0.9128,,
1988-10-01,72.2,72.2,4.3353,5.0946,0.7594,,
1988-11-01,72.3,72.4,4.0288,5.0798,1.051,,
1988-12-01,72.3,72.5,3.8793,5.3779,1.4986,,
1989-01-01,72.7,72.8,4.3042,5.5072,1.2031,,
1989-02-01,73.2,73.3,4.5714,5.772,1.2006,,
1989-03-01,73.6,73.8,4.5455,5.8824,1.3369,,
1989-04-01,73.8,74.2,4.5326,6.1516,1.6191,,
1989-05-01,74.6,74.8,5.0704,5.6497,0.5793,,
1989-06-01,74.9,75.3,5.1966,6.0563,0.8597,,
1989-07-01,75.4,75.8,5.3073,6.1625,0.8552,,
1989-08-01,75.5,75.9,5.2999,5.8577,0.5579,,
1989-09-01,75.6,75.9,5.2925,5.7103,0.4178,,
1989-10-01,75.9,76.3,5.1247,5.6787,0.554,,
1989-11-01,76.1,76.6,5.2559,5.8011,0.5452,,
1989-12-01,76.1,76.6,5.2559,5.6552,0.3993,,
1990-01-01,76.7,77.2,5.5021,6.044,0.5419,276428.0,118510.0
1990-02-01,77.2,77.7,5.4645,6.0027,0.5382,255893.0,77476.0
1990-03-01,77.5,77.9,5.2989,5.5556,0.2566,254693.0,94289.0
1990-04-01,77.5,77.9,5.0136,4.9865,-0.027,215859.0,72744.0
1990-05-01,77.9,78.3,4.4236,4.6791,0.2556,214111.0,78534.0
1990-06-01,78.2,78.6,4.4059,4.3825,-0.0234,184819.0,57692.0
1990-07-01,78.5,79.0,4.1114,4.2216,0.1102,170290.0,70119.0
1990-08-01,78.6,79.0,4.106,4.0843,-0.0216,164638.0,49298.0
1990-09-01,78.8,79.1,4.2328,4.2161,-0.0167,143973.0,51854.0
1990-10-01,79.5,79.8,4.7431,4.5872,-0.1559,146593.0,45517.0
1990-11-01,80.0,80.3,5.1248,4.8303,-0.2945,143505.0,41548.0
1990-12-01,79.9,79.9,4.9934,4.3081,-0.6853,142410.0,39887.0
1991-01-01,82.0,81.6,6.91,5.6995,-1.2106,118887.0,43179.0
1991-02-01,82.0,81.6,6.2176,5.0193,-1.1983,117926.0,32688.000000000004
1991-03-01,82.3,81.8,6.1935,5.0064,-1.1871,118066.0,33468.0
1991-04-01,82.3,81.9,6.1935,5.1348,-1.0588,133898.0,43894.0
1991-05-01,82.7,82.4,6.1617,5.2363,-0.9255,151871.0,44305.0
1991-06-01,83.1,82.8,6.266,5.3435,-0.9225,158414.0,59821.0
1991-07-01,83.2,83.0,5.9873,5.0633,-0.924,179917.0,66782.0
1991-08-01,83.3,83.0,5.9796,5.0633,-0.9164,177579.0,67146.0
1991-09-01,83.1,82.8,5.4569,4.6776,-0.7792,171803.0,63382.0
1991-10-01,83.0,82.4,4.4025,3.2581,-1.1444,191851.0,51472.0
1991-11-01,83.3,82.8,4.125,3.1133,-1.0117,173188.0,55139.0
1991-12-01,82.9,82.4,3.7547,3.1289,-0.6258,165677.0,51324.0
1992-01-01,83.3,82.5,1.5854,1.1029,-0.4824,173548.0,53430.0
1992-02-01,83.3,82.7,1.5854,1.348,-0.2373,173818.0,64141.00000000001
1992-03-01,83.6,82.8,1.5796,1.2225,-0.3571,177072.0,62127.0
1992-04-01,83.7,82.9,1.7011,1.221,-0.4801,167909.0,67865.0
1992-05-01,83.8,83.1,1.3301,0.8495,-0.4806,169404.0,64126.99999999999
1992-06-01,84.0,83.3,1.083,0.6039,-0.4792,170273.0,49433.0
1992-07-01,84.2,83.5,1.2019,0.6024,-0.5995,182738.0,65196.0
1992-08-01,84.2,83.5,1.0804,0.6024,-0.478,162015.0,48862.0
1992-09-01,84.2,83.3,1.3237,0.6039,-0.7198,174259.0,53025.0
1992-10-01,84.3,83.4,1.5663,1.2136,-0.3527,164343.0,45402.0
1992-11-01,84.7,83.8,1.6807,1.2077,-0.4729,170465.0,53610.0
1992-12-01,84.7,83.8,2.1713,1.699,-0.4723,168173.0,47513.0
1993-01-01,85.0,84.0,2.0408,1.8182,-0.2226,143501.0,41685.0
1993-02-01,85.3,84.4,2.401,2.0556,-0.3453,149289.0,42730.0
1993-03-01,85.2,84.5,1.9139,2.0531,0.1393,154567.0,50059.0
1993-04-01,85.2,84.3,1.7921,1.6888,-0.1033,164532.0,47418.0
1993-05-01,85.4,84.4,1.9093,1.5644,-0.3449,146704.0,43765.0
1993-06-01,85.4,84.6,1.6667,1.5606,-0.106,148908.0,33960.0
1993-07-01,85.6,84.8,1.6627,1.5569,-0.1058,173655.0,50293.0
1993-08-01,85.7,84.8,1.7815,1.5569,-0.2246,161254.0,41259.0
1993-09-01,85.7,84.9,1.7815,1.9208,0.1393,155533.0,44076.0
1993-10-01,85.9,85.1,1.898,2.0384,0.1404,162186.0,49315.0
1993-11-01,86.3,85.3,1.889,1.79,-0.099,163741.0,56214.0
1993-12-01,86.1,85.3,1.6529,1.79,0.1371,161597.0,47740.0
1994-01-01,86.1,85.1,1.2941,1.3095,0.0154,150020.0,43356.0
1994-02-01,85.4,84.6,0.1172,0.237,0.1197,143589.0,38857.0
1994-03-01,85.4,84.3,0.2347,-0.2367,-0.4714,151841.0,42841.0
1994-04-01,85.4,84.5,0.2347,0.2372,0.0025,160500.0,50460.0
1994-05-01,85.2,84.3,-0.2342,-0.1185,0.1157,161433.0,48479.0
1994-06-01,85.4,84.3,0.0,-0.3546,-0.3546,169039.0,46162.0
1994-07-01,85.7,84.8,0.1168,0.0,-0.1168,164043.0,53309.0
1994-08-01,85.8,84.8,0.1167,0.0,-0.1167,151159.0,45684.0
1994-09-01,85.9,84.8,0.2334,-0.1178,-0.3512,154900.0,51503.0
1994-10-01,85.7,84.8,-0.2328,-0.3525,-0.1197,149869.0,50669.0
1994-11-01,86.2,85.2,-0.1159,-0.1172,-0.0014,144029.0,43872.0
1994-12-01,86.3,85.4,0.2323,0.1172,-0.1151,125041.0,35060.0
1995-01-01,86.6,85.9,0.5807,0.9401,0.3594,136747.0,37549.0
1995-02-01,87.0,86.3,1.8735,2.0095,0.1359,122976.0,37390.0
1995-03-01,87.2,86.6,2.1077,2.7284,0.6206,98919.0,37990.0
1995-04-01,87.5,86.7,2.459,2.6036,0.1445,114715.0,36052.0
1995-05-01,87.7,86.9,2.9343,3.0842,0.15,97502.0,27389.0
1995-06-01,87.7,87.0,2.6932,3.2028,0.5096,112029.0,36679.0
1995-07-01,87.9,87.1,2.5671,2.7123,0.1452,105005.0,29585.0
1995-08-01,87.7,87.0,2.2145,2.5943,0.3799,108750.0,34608.0
1995-09-01,87.8,87.2,2.2119,2.8302,0.6183,112143.0,38592.0
1995-10-01,87.7,87.0,2.3337,2.5943,0.2606,110648.0,32756.0
1995-11-01,88.0,87.2,2.0882,2.3474,0.2593,114573.0,41482.0
1995-12-01,87.8,87.1,1.7381,1.9906,0.2525,119395.0,44066.0
1996-01-01,88.0,87.2,1.6166,1.5134,-0.1032,102918.0,35221.0
1996-02-01,88.1,87.4,1.2644,1.2746,0.0103,103362.0,30400.0
1996-03-01,88.5,87.7,1.4908,1.2702,-0.2206,110717.0,33803.0
1996-04-01,88.7,87.9,1.3714,1.3841,0.0127,106024.0,33489.0
1996-05-01,89.0,88.1,1.4823,1.3809,-0.1014,128412.0,44985.0
1996-06-01,89.0,88.0,1.4823,1.1494,-0.3329,139102.0,46233.0
1996-07-01,89.0,88.1,1.2514,1.1481,-0.1033,130833.0,43863.0
1996-08-01,89.0,88.2,1.4823,1.3793,-0.103,129780.0,41656.0
1996-09-01,89.1,88.2,1.4806,1.1468,-0.3338,136530.0,50678.0
1996-10-01,89.3,88.6,1.8244,1.8391,0.0147,118098.0,42884.0
1996-11-01,89.7,89.2,1.9318,2.2936,0.3618,140200.0,47974.0
1996-12-01,89.7,89.2,2.164,2.411,0.247,137325.0,51955.0
1997-01-01,89.9,89.4,2.1591,2.5229,0.3638,134585.0,50194.0
1997-02-01,90.1,89.4,2.2701,2.2883,0.0182,148650.0,54560.0
1997-03-01,90.2,89.7,1.9209,2.2805,0.3596,142875.0,53508.0
1997-04-01,90.2,89.7,1.6911,2.0478,0.3567,143226.0,56353.0
1997-05-01,90.3,89.7,1.4607,1.8161,0.3554,150190.0,52661.0
1997-06-01,90.5,89.9,1.6854,2.1591,0.4737,144494.0,47959.0
1997-07-01,90.5,89.9,1.6854,2.0431,0.3577,154708.0,52958.0
1997-08-01,90.6,90.1,1.7978,2.1542,0.3564,154431.0,58752.0
1997-09-01,90.6,90.0,1.6835,2.0408,0.3573,152780.0,55879.0
1997-10-01,90.6,90.2,1.4558,1.8059,0.3501,146505.0,55959.0
1997-11-01,90.5,89.9,0.8919,0.7848,-0.1071,148150.0,53081.0
1997-12-01,90.4,89.8,0.7804,0.6726,-0.1077,148479.0,56210.0
1998-01-01,90.9,90.2,1.1123,0.8949,-0.2175,131269.0,55244.0
1998-02-01,91.0,90.5,0.9989,1.2304,0.2315,142279.0,55757.0
1998-03-01,91.1,90.6,0.9978,1.0033,0.0056,144513.0,64197.99999999999
1998-04-01,91.0,90.3,0.8869,0.6689,-0.218,145177.0,58711.0
1998-05-01,91.3,90.6,1.1074,1.0033,-0.1041,140358.0,52366.0
1998-06-01,91.4,90.6,0.9945,0.7786,-0.2158,131202.0,47681.0
1998-07-01,91.4,90.7,0.9945,0.8899,-0.1046,124631.0,39904.0
1998-08-01,91.4,90.7,0.883,0.6659,-0.2171,142024.0,53536.0
1998-09-01,91.2,90.7,0.6623,0.7778,0.1155,139365.0,54880.0
1998-10-01,91.6,91.1,1.1038,0.9978,-0.106,138022.0,58397.0
1998-11-01,91.6,91.0,1.2155,1.2236,0.0081,131287.0,55123.0
1998-12-01,91.3,90.7,0.9956,1.0022,0.0067,141957.0,59599.0
1999-01-01,91.5,91.0,0.6601,0.8869,0.2269,131249.0,56093.0
1999-02-01,91.6,91.1,0.6593,0.663,0.0036,139480.0,65962.0
1999-03-01,92.0,91.6,0.9879,1.1038,0.1158,141858.0,63509.0
1999-04-01,92.5,92.1,1.6484,1.9934,0.345,146056.0,68882.0
1999-05-01,92.7,92.4,1.5334,1.9868,0.4533,151765.0,75319.0
1999-06-01,92.9,92.3,1.6411,1.8764,0.2352,153076.0,69080.0
1999-07-01,93.1,92.6,1.86,2.0948,0.2349,145527.0,59989.0
1999-08-01,93.3,92.9,2.0788,2.4256,0.3468,152053.0,67908.0
1999-09-01,93.6,93.1,2.6316,2.6461,0.0145,156596.0,67193.0
1999-10-01,93.7,93.2,2.2926,2.3052,0.0126,152984.0,64507.00000000001
1999-11-01,93.6,93.1,2.1834,2.3077,0.1243,165500.0,75016.0
1999-12-01,93.7,93.4,2.6287,2.9768,0.3482,161526.0,73464.0
2000-01-01,93.5,93.2,2.1858,2.4176,0.2318,137194.0,64998.99999999999
2000-02-01,94.1,93.9,2.7293,3.0735,0.3443,149904.0,76962.0
2000-03-01,94.8,94.7,3.0435,3.3843,0.3408,154401.0,77302.0
2000-04-01,94.5,94.1,2.1622,2.1716,0.0094,156762.0,78067.0
2000-05-01,94.9,94.7,2.3732,2.4892,0.1159,144354.0,59332.0
2000-06-01,95.5,95.3,2.7987,3.2503,0.4516,132265.0,57524.0
2000-07-01,95.8,95.5,2.9001,3.1317,0.2316,166648.0,82859.0
2000-08-01,95.7,95.3,2.5723,2.5834,0.0111,149760.0,64965.99999999999
2000-09-01,96.1,95.7,2.6709,2.7927,0.1218,164996.0,75766.0
2000-10-01,96.3,95.9,2.7748,2.897,0.1222,165958.0,79204.0
2000-11-01,96.6,96.5,3.2051,3.652,0.4469,156917.0,73208.0
2000-12-01,96.7,96.6,3.2017,3.4261,0.2244,144483.0,70872.0
2001-01-01,96.3,96.5,2.9947,3.5408,0.5461,161758.0,75656.0
2001-02-01,96.8,97.1,2.8693,3.4079,0.5386,145835.0,69085.0
2001-03-01,97.1,97.7,2.4262,3.1679,0.7417,150896.0,78652.0
2001-04-01,97.8,98.1,3.4921,4.2508,0.7587,165747.0,76864.0
2001-05-01,98.6,98.7,3.8988,4.2239,0.325,159603.0,72529.0
2001-06-01,98.7,98.7,3.3508,3.5677,0.2169,176424.0,81702.0
2001-07-01,98.4,98.5,2.714,3.1414,0.4274,148906.0,56027.0
2001-08-01,98.4,98.5,2.8213,3.3578,0.5365,167233.0,83519.0
2001-09-01,98.6,98.7,2.6015,3.1348,0.5333,158249.0,70070.0
2001-10-01,98.1,98.4,1.8692,2.6069,0.7377,169767.0,69387.0
2001-11-01,97.2,97.7,0.6211,1.2435,0.6224,174110.0,77807.0
2001-12-01,97.4,97.7,0.7239,1.1387,0.4148,177444.0,74695.0
2002-01-01,97.6,97.7,1.3499,1.2435,-0.1064,214398.0,100946.0
2002-02-01,98.2,98.4,1.4463,1.3388,-0.1075,183751.0,79579.0
2002-03-01,98.9,99.5,1.8538,1.8424,-0.0114,203966.0,93638.0
2002-04-01,99.5,99.5,1.7382,1.4271,-0.3111,192038.0,78087.0
2002-05-01,99.7,99.5,1.1156,0.8105,-0.3051,211073.0,86824.0
2002-06-01,99.9,99.8,1.2158,1.1145,-0.1013,205043.0,73918.0
2002-07-01,100.5,100.5,2.1341,2.0305,-0.1037,198543.0,87194.0
2002-08-01,100.9,101.3,2.5407,2.8426,0.302,216318.0,83403.0
2002-09-01,100.9,100.9,2.3327,2.229,-0.1037,199001.0,76443.0
2002-10-01,101.2,101.1,3.16,2.7439,-0.4161,224926.0,89991.0
2002-11-01,101.5,101.4,4.4239,3.7871,-0.6368,218228.0,86480.0
2002-12-01,101.1,100.4,3.7988,2.7636,-1.0352,197564.0,72567.0
2003-01-01,102.0,101.9,4.5082,4.2989,-0.2093,189151.0,72041.0
2003-02-01,102.8,102.7,4.6843,4.3699,-0.3144,240420.0,114235.0
2003-03-01,103.1,102.8,4.2467,3.3166,-0.9301,197668.0,82830.0
2003-04-01,102.4,101.8,2.9146,2.3116,-0.603,210125.0,79503.0
2003-05-01,102.5,102.2,2.8084,2.7136,-0.0949,195586.0,73893.0
2003-06-01,102.5,102.3,2.6026,2.505,-0.0976,208457.0,78598.0
2003-07-01,102.6,102.5,2.0896,1.99,-0.0995,225854.0,81738.0
2003-08-01,102.9,103.0,1.9822,1.6782,-0.304,239978.0,91451.0
2003-09-01,103.1,103.2,2.1804,2.2795,0.0991,233928.0,86032.0
2003-10-01,102.8,102.9,1.581,1.7804,0.1994,253644.0,108011.0
2003-11-01,103.1,103.1,1.5764,1.6765,0.1002,216591.0,79145.0
2003-12-01,103.2,103.4,2.0772,2.988,0.9109,216338.0,77618.0
2004-01-01,103.3,103.4,1.2745,1.472,0.1975,193841.0,65539.0
2004-02-01,103.5,103.6,0.6809,0.8763,0.1954,217360.0,79438.0
2004-03-01,103.9,104.0,0.7759,1.1673,0.3914,244495.0,102972.0
2004-04-01,104.1,104.1,1.6602,2.2593,0.5992,241873.0,90846.0
2004-05-01,105.0,105.0,2.439,2.7397,0.3007,232741.0,85324.0
2004-06-01,105.1,104.8,2.5366,2.4438,-0.0928,233477.0,83823.0
2004-07-01,105.0,104.9,2.3392,2.3415,0.0023,224283.0,77963.0
2004-08-01,104.8,104.7,1.8465,1.6505,-0.196,267432.0,104500.0
2004-09-01,105.0,104.8,1.8429,1.5504,-0.2925,239122.0,85947.0
2004-10-01,105.2,105.0,2.3346,2.0408,-0.2938,239312.0,95124.0
2004-11-01,105.6,105.4,2.4248,2.2308,-0.194,246431.0,85782.0
2004-12-01,105.4,105.3,2.1318,1.8375,-0.2943,229102.0,76143.0
2005-01-01,105.3,105.1,1.9361,1.6441,-0.292,185278.0,57357.0
2005-02-01,105.7,105.8,2.1256,2.1236,-0.0021,212311.0,71102.0
2005-03-01,106.3,106.4,2.3099,2.3077,-0.0022,213140.0,79966.0
2005-04-01,106.6,106.5,2.4015,2.3055,-0.0961,251213.0,90391.0
2005-05-01,106.7,106.6,1.619,1.5238,-0.0952,223409.0,70392.0
2005-06-01,106.9,106.8,1.7127,1.9084,0.1957,237053.0,99740.0
2005-07-01,107.1,106.9,2.0,1.9066,-0.0934,249838.0,101093.0
2005-08-01,107.5,107.5,2.5763,2.6743,0.098,209411.0,68519.0
2005-09-01,108.4,108.2,3.2381,3.2443,0.0062,232163.0,70549.0
2005-10-01,107.9,107.7,2.5665,2.5714,0.0049,219023.0,64983.99999999999
2005-11-01,107.7,107.5,1.9886,1.9924,0.0038,235790.0,84727.0
2005-12-01,107.6,107.6,2.0873,2.1842,0.0969,233376.0,80825.0
2006-01-01,108.2,108.2,2.754,2.9496,0.1955,223622.0,78937.0
2006-02-01,108.0,107.9,2.176,1.9849,-0.1911,238095.0,78679.0
2006-03-01,108.6,108.8,2.1637,2.2556,0.092,249270.0,81605.0
2006-04-01,109.2,109.1,2.439,2.4413,0.0023,233636.0,74906.0
2006-05-01,109.7,109.5,2.8116,2.7205,-0.0912,220930.0,74252.0
2006-06-01,109.5,109.3,2.4322,2.3408,-0.0914,241790.0,84369.0
2006-07-01,109.6,109.0,2.3343,1.9645,-0.3698,241986.0,86341.0
2006-08-01,109.8,109.1,2.1395,1.4884,-0.6512,211143.0,66781.0
2006-09-01,109.2,108.5,0.738,0.2773,-0.4607,204137.0,61618.0
2006-10-01,109.0,108.4,1.0195,0.65,-0.3695,231099.0,74485.0
2006-11-01,109.2,108.6,1.3928,1.0233,-0.3695,234741.0,69132.0
2006-12-01,109.4,108.8,1.6729,1.1152,-0.5576,210977.0,63522.0
2007-01-01,109.4,108.6,1.1091,0.3697,-0.7394,244867.0,74888.0
2007-02-01,110.2,109.7,2.037,1.6682,-0.3688,197478.0,52395.0
2007-03-01,111.1,110.8,2.302,1.8382,-0.4638,220742.0,57398.0
2007-04-01,111.6,111.1,2.1978,1.8332,-0.3646,226127.0,65233.99999999999
2007-05-01,112.1,111.6,2.1878,1.9178,-0.27,236755.0,74207.0
2007-06-01,111.9,111.1,2.1918,1.6468,-0.5449,228934.0,65783.0
2007-07-01,112.0,111.1,2.1898,1.9266,-0.2632,223292.0,73555.0
2007-08-01,111.7,110.9,1.7304,1.6499,-0.0806,231607.0,68300.0
2007-09-01,111.9,111.0,2.4725,2.3041,-0.1684,288644.0,82511.0
2007-10-01,111.6,110.9,2.3853,2.3063,-0.079,233336.0,71971.0
2007-11-01,111.9,111.2,2.4725,2.3941,-0.0784,233383.0,78523.0
2007-12-01,112.0,111.1,2.3766,2.114,-0.2626,175368.0,48721.0
2008-01-01,111.8,110.9,2.1938,2.1179,-0.0759,202649.0,65400.99999999999
2008-02-01,112.2,111.4,1.8149,1.5497,-0.2652,234342.0,72862.0
2008-03-01,112.6,111.7,1.3501,0.8123,-0.5379,237360.0,78834.0
2008-04-01,113.5,112.5,1.7025,1.2601,-0.4424,223303.0,82790.0
2008-05-01,114.6,113.6,2.2302,1.7921,-0.438,229034.0,72919.0
2008-06-01,115.4,114.2,3.1278,2.7903,-0.3375,223885.0,92277.0
2008-07-01,115.8,115.1,3.3929,3.6004,0.2075,194766.0,56461.0
2008-08-01,115.6,114.8,3.4915,3.5167,0.0252,219132.0,93681.0
2008-09-01,115.7,115.1,3.3959,3.6937,0.2978,229421.0,87929.0
2008-10-01,114.5,113.7,2.5986,2.5248,-0.0738,219776.0,89085.0
2008-11-01,114.1,113.5,1.966,2.0683,0.1023,169588.0,56675.0
2008-12-01,113.3,112.8,1.1607,1.5302,0.3694,150305.0,53501.0
2009-01-01,113.0,112.4,1.0733,1.3526,0.2792,132314.0,43620.0
2009-02-01,113.8,113.1,1.426,1.526,0.1,115722.0,37324.0
2009-03-01,114.0,113.7,1.2433,1.7905,0.5472,141138.0,59424.0
2009-04-01,113.9,113.2,0.3524,0.6222,0.2698,111781.0,36481.0
2009-05-01,114.7,114.0,0.0873,0.3521,0.2649,127857.0,42830.0
2009-06-01,115.1,114.2,-0.26,0.0,0.26,142729.0,50280.0
2009-07-01,114.7,113.7,-0.9499,-1.2163,-0.2664,137567.0,41606.0
2009-08-01,114.7,113.7,-0.7785,-0.9582,-0.1796,165384.0,48622.0
2009-09-01,114.7,113.8,-0.8643,-1.1295,-0.2651,166608.0,57833.0
2009-10-01,114.6,113.9,0.0873,0.1759,0.0886,187728.0,72492.0
2009-11-01,115.2,114.6,0.9641,0.9692,0.0051,173636.0,53894.0
2009-12-01,114.8,114.1,1.3239,1.1525,-0.1714,173152.0,53125.0
2010-01-01,115.1,114.5,1.8584,1.8683,0.0099,191133.0,54779.0
2010-02-01,115.6,115.1,1.5817,1.7683,0.1866,202734.0,70139.0
2010-03-01,115.6,115.3,1.4035,1.4072,0.0037,196249.0,58950.0
2010-04-01,116.0,115.7,1.8437,2.2085,0.3648,206946.0,67712.0
2010-05-01,116.3,116.2,1.3949,1.9298,0.5349,200366.0,69299.0
2010-06-01,116.2,116.0,0.9557,1.5762,0.6205,191104.0,56243.0
2010-07-01,116.8,117.0,1.8309,2.9024,1.0715,196099.0,56468.0
2010-08-01,116.7,117.0,1.7437,2.9024,1.1587,192432.0,64635.99999999999
2010-09-01,116.9,117.1,1.918,2.8998,0.9818,186677.0,60448.0
2010-10-01,117.4,117.8,2.4433,3.4241,0.9808,174102.0,46748.0
2010-11-01,117.5,118.0,1.9965,2.9668,0.9703,194104.0,81488.0
2010-12-01,117.5,117.9,2.3519,3.3304,0.9785,166823.0,45477.0
2011-01-01,117.8,117.8,2.3458,2.8821,0.5363,170157.0,50752.0
2011-02-01,118.1,118.0,2.1626,2.5195,0.3569,179438.0,66029.0
2011-03-01,119.4,119.4,3.2872,3.5559,0.2687,185080.0,73787.0
2011-04-01,119.8,119.9,3.2759,3.6301,0.3542,187901.0,77554.0
2011-05-01,120.6,120.9,3.6973,4.0448,0.3474,192620.0,58620.0
2011-06-01,119.8,120.2,3.0981,3.6207,0.5226,196358.0,75255.0
2011-07-01,120.0,120.5,2.7397,2.9915,0.2517,209943.0,76621.0
2011-08-01,120.3,120.6,3.0848,3.0769,-0.0079,191820.0,66846.0
2011-09-01,120.6,121.1,3.1651,3.4159,0.2508,209371.0,66990.0
2011-10-01,120.8,121.0,2.8961,2.7165,-0.1796,212640.0,75322.0
2011-11-01,120.9,121.0,2.8936,2.5424,-0.3512,185130.0,54470.0
2011-12-01,120.2,120.3,2.2979,2.0356,-0.2622,200189.0,71371.0
2012-01-01,120.7,120.6,2.4618,2.3769,-0.0849,203029.0,80795.0
2012-02-01,121.2,121.4,2.6249,2.8814,0.2565,207023.0,71066.0
2012-03-01,121.7,122.0,1.9263,2.1776,0.2513,213861.0,87498.0
2012-04-01,122.2,122.4,2.0033,2.0851,0.0817,253254.0,99376.0
2012-05-01,122.1,122.4,1.2438,1.2407,-0.0031,212996.0,76071.0
2012-06-01,121.6,121.6,1.5025,1.1647,-0.3378,221459.0,70670.0
2012-07-01,121.5,121.4,1.25,0.7469,-0.5031,212445.0,72869.0
2012-08-01,121.8,121.8,1.2469,0.995,-0.2519,231712.0,87986.0
2012-09-01,122.0,122.0,1.1609,0.7432,-0.4177,223856.0,73416.0
2012-10-01,122.2,122.2,1.1589,0.9917,-0.1672,205916.0,68684.0
2012-11-01,121.9,121.9,0.8271,0.7438,-0.0833,199376.0,60868.0
2012-12-01,121.2,121.3,0.8319,0.8313,-0.0007,200005.0,79346.0
2013-01-01,121.3,121.3,0.4971,0.5804,0.0833,164443.0,47764.0
2013-02-01,122.7,122.8,1.2376,1.1532,-0.0844,184818.0,68905.0
2013-03-01,122.9,123.2,0.986,0.9836,-0.0024,181990.0,58110.0
2013-04-01,122.7,122.9,0.4092,0.4085,-0.0007,179311.0,49672.0
2013-05-01,123.0,123.0,0.7371,0.4902,-0.2469,195145.0,65877.0
2013-06-01,123.0,123.2,1.1513,1.3158,0.1645,191620.0,59735.0
2013-07-01,123.1,123.4,1.3169,1.6474,0.3306,197290.0,62198.0
2013-08-01,123.1,123.4,1.0673,1.3136,0.2463,187634.0,70928.0
2013-09-01,123.3,123.5,1.0656,1.2295,0.1639,194821.0,60752.0
2013-10-01,123.0,123.3,0.6547,0.9002,0.2455,199944.0,71221.0
2013-11-01,123.0,123.3,0.9024,1.1485,0.2461,193840.0,60905.0
2013-12-01,122.7,123.1,1.2376,1.4839,0.2463,185521.0,56839.0
2014-01-01,123.1,123.3,1.4839,1.6488,0.1649,185190.0,64447.0
2014-02-01,124.1,124.6,1.141,1.4658,0.3248,191756.0,61820.0
2014-03-01,124.8,125.1,1.546,1.5422,-0.0038,162746.0,42108.0
2014-04-01,125.2,125.9,2.0375,2.441,0.4035,198320.0,67440.0
2014-05-01,125.8,126.5,2.2764,2.8455,0.5691,195657.0,65443.0
2014-06-01,125.9,126.9,2.3577,3.0032,0.6455,195014.0,55605.0
2014-07-01,125.7,126.5,2.1121,2.5122,0.4001,202591.0,68712.0
2014-08-01,125.7,126.5,2.1121,2.5122,0.4001,195869.0,52171.0
2014-09-01,125.8,126.7,2.0276,2.5911,0.5635,191724.0,53423.0
2014-10-01,125.9,126.8,2.3577,2.8386,0.4809,179739.0,52954.0
2014-11-01,125.4,126.3,1.9512,2.4331,0.4819,193390.0,58842.0
2014-12-01,124.5,125.4,1.467,1.8684,0.4014,177296.0,60084.0
2015-01-01,124.3,125.3,0.9748,1.6221,0.6472,187115.0,61375.0
2015-02-01,125.4,126.2,1.0475,1.2841,0.2366,147197.0,41948.0
2015-03-01,126.3,127.1,1.2019,1.5987,0.3968,192597.0,62912.0
2015-04-01,126.2,126.9,0.7987,0.7943,-0.0044,181815.0,64890.0
2015-05-01,126.9,127.7,0.8744,0.9486,0.0742,199576.0,84012.0
2015-06-01,127.2,128.2,1.0326,1.0244,-0.0081,201871.0,57381.0
2015-07-01,127.3,128.4,1.2729,1.502,0.2291,192203.0,51031.0
2015-08-01,127.3,128.0,1.2729,1.1858,-0.0871,216496.0,96148.0
2015-09-01,127.1,127.8,1.0334,0.8682,-0.1652,224455.0,90318.0
2015-10-01,127.2,127.9,1.0326,0.8675,-0.1651,195835.0,75115.0
2015-11-01,127.1,127.9,1.3557,1.2668,-0.0888,212762.0,87755.0
2015-12-01,126.5,127.5,1.6064,1.6746,0.0682,171248.0,55083.0
2016-01-01,126.8,127.8,2.0113,1.9952,-0.0161,177219.0,61053.0
2016-02-01,127.1,128.2,1.3557,1.5848,0.2291,213427.0,76113.0
2016-03-01,127.9,129.0,1.2668,1.4949,0.2281,201172.0,86185.0
2016-04-01,128.3,129.6,1.664,2.1277,0.4636,191120.0,68210.0
2016-05-01,128.8,130.1,1.4972,1.8794,0.3822,191982.0,72047.0
2016-06-01,129.1,130.4,1.4937,1.7161,0.2224,218070.0,88350.0
2016-07-01,128.9,130.3,1.2569,1.4798,0.2229,199191.0,79231.0
2016-08-01,128.7,129.9,1.0998,1.4844,0.3846,187631.0,74712.0
2016-09-01,128.8,130.1,1.3375,1.7997,0.4622,215556.0,69061.0
2016-10-01,129.1,130.6,1.4937,2.111,0.6173,194172.0,84729.0
2016-11-01,128.6,130.2,1.1802,1.7983,0.6181,185786.0,58144.0
2016-12-01,128.4,130.0,1.502,1.9608,0.4588,202693.0,79135.0
2017-01-01,129.5,130.8,2.1293,2.3474,0.2181,206567.0,98080.0
2017-02-01,129.7,131.2,2.0456,2.3401,0.2945,208686.0,83459.0
2017-03-01,129.9,131.4,1.5637,1.8605,0.2967,245562.0,88180.0
2017-04-01,130.4,132.0,1.6368,1.8519,0.2151,212852.0,74274.0
2017-05-01,130.5,131.9,1.3199,1.3836,0.0637,198484.0,55552.0
2017-06-01,130.4,132.1,1.007,1.3037,0.2967,209111.0,78350.0
2017-07-01,130.4,131.9,1.1637,1.2279,0.0642,229448.0,82919.0
2017-08-01,130.5,131.8,1.3986,1.4627,0.0641,227274.0,97267.0
2017-09-01,130.8,132.3,1.5528,1.691,0.1382,218566.0,77207.0
2017-10-01,130.9,132.3,1.3943,1.3017,-0.0926,220517.0,60636.0
2017-11-01,131.3,132.7,2.0995,1.9201,-0.1794,248331.0,97715.0
2017-12-01,130.8,132.0,1.8692,1.5385,-0.3307,214309.0,64876.99999999999
2018-01-01,131.7,133.2,1.6988,1.8349,0.136,216760.0,84077.0
2018-02-01,132.5,134.0,2.1588,2.1341,-0.0247,229432.0,102782.0
2018-03-01,132.9,134.6,2.3095,2.4353,0.1258,221226.0,73480.0
2018-04-01,133.3,134.8,2.2239,2.1212,-0.1027,211956.0,69794.0
2018-05-01,133.4,134.9,2.2222,2.2745,0.0522,196246.0,56660.0
2018-06-01,133.6,135.3,2.454,2.4224,-0.0316,241899.0,104647.0
2018-07-01,134.3,136.0,2.9908,3.1084,0.1176,201553.0,68846.0
2018-08-01,134.2,135.9,2.8352,3.1108,0.2755,197116.0,63800.0
2018-09-01,133.7,135.2,2.2171,2.192,-0.0251,193498.0,76899.0
2018-10-01,134.1,135.6,2.4446,2.4943,0.0497,213713.0,91823.0
2018-11-01,133.5,135.1,1.6756,1.8086,0.133,224465.0,85106.0
2018-12-01,133.4,135.0,1.9878,2.2727,0.285,214990.0,70994.0
2019-01-01,133.6,135.2,1.4427,1.5015,0.0588,200484.0,74934.0
2019-02-01,134.5,136.0,1.5094,1.4925,-0.0169,163048.0,55533.0
2019-03-01,135.4,137.0,1.8811,1.7831,-0.0981,192596.0,60170.0
2019-04-01,136.0,137.4,2.0255,1.9288,-0.0967,229417.0,85931.0
2019-05-01,136.6,138.1,2.3988,2.3721,-0.0267,196581.0,50528.0
2019-06-01,136.3,138.0,2.021,1.9956,-0.0254,242624.0,66987.0
2019-07-01,137.0,138.8,2.0104,2.0588,0.0484,219724.0,68963.0
2019-08-01,136.8,138.5,1.9374,1.9132,-0.0242,225555.0,82897.0
2019-09-01,136.2,137.5,1.8699,1.7012,-0.1687,225848.0,85283.0
2019-10-01,136.6,137.9,1.8643,1.6962,-0.1681,204753.0,74629.0
2019-11-01,136.4,137.7,2.1723,1.9245,-0.2478,201775.0,63809.0
2019-12-01,136.4,137.8,2.2489,2.0741,-0.1748,199555.0,58215.0
2020-01-01,136.8,138.0,2.3952,2.071,-0.3242,200082.0,69786.0
2020-02-01,137.4,138.7,2.1561,1.9853,-0.1708,209589.0,78293.0
2020-03-01,136.6,137.9,0.8863,0.6569,-0.2293,189117.0,64090.0
2020-04-01,135.7,137.3,-0.2206,-0.0728,0.1478,161004.0,92730.0
2020-05-01,136.1,137.5,-0.366,-0.4345,-0.0684,192551.0,57970.0
2020-06-01,137.2,138.6,0.6603,0.4348,-0.2255,213167.0,80038.0
2020-07-01,137.2,138.8,0.146,0.0,-0.146,244851.0,86037.0
2020-08-01,137.0,138.6,0.1462,0.0722,-0.074,263630.0,115026.0
2020-09-01,136.9,138.3,0.514,0.5818,0.0679,214476.0,82161.0
2020-10-01,137.5,138.9,0.6589,0.7252,0.0663,227492.0,88178.0
2020-11-01,137.7,139.0,0.9531,0.9441,-0.009,259934.00000000003,86170.0
2020-12-01,137.4,138.8,0.7331,0.7257,-0.0074,240421.0,74370.0
2021-01-01,138.2,139.5,1.0234,1.087,0.0636,291290.0,99339.0
2021-02-01,138.9,140.2,1.0917,1.0815,-0.0102,260922.00000000003,85348.0
2021-03-01,139.6,141.0,2.1962,2.248,0.0518,319843.0,124197.0
2021-04-01,140.3,141.8,3.3898,3.2775,-0.1123,272344.0,109709.0
2021-05-01,141.0,142.6,3.6003,3.7091,0.1088,283092.0,102040.0
2021-06-01,141.4,143.1,3.0612,3.2468,0.1855,283769.0,90681.0
2021-07-01,142.3,143.7,3.7172,3.5303,-0.1869,274472.0,100469.0
2021-08-01,142.6,144.1,4.0876,3.9683,-0.1193,259630.0,108435.0
2021-09-01,142.9,144.4,4.3828,4.4107,0.0279,250714.0,101006.0
2021-10-01,143.9,145.7,4.6545,4.8956,0.2411,236588.0,81060.0
2021-11-01,144.2,146.0,4.7204,5.036,0.3156,305206.0,129901.99999999999
2021-12-01,144.0,146.0,4.8035,5.1873,0.3838,247179.0,72908.0
2022-01-01,145.3,147.4,5.1375,5.6631,0.5256,229125.0,63718.0
2022-02-01,146.8,148.8,5.6875,6.1341,0.4465,248877.0,101792.0
2022-03-01,148.9,150.8,6.6619,6.9504,0.2885,245690.0,85620.0
2022-04-01,149.8,151.6,6.7712,6.9111,0.1399,262693.0,79494.0
2022-05-01,151.9,153.7,7.7305,7.784,0.0535,280961.0,89651.0
2022-06-01,152.9,154.4,8.133,7.8966,-0.2364,273565.0,95996.0
2022-07-01,153.1,154.6,7.5896,7.5852,-0.0044,277195.0,97166.0
2022-08-01,152.6,154.1,7.0126,6.9396,-0.073,266521.0,101382.0
2022-09-01,152.7,154.1,6.8579,6.7175,-0.1405,294615.0,134514.0
2022-10-01,153.8,155.2,6.8798,6.5202,-0.3595,261632.0,91276.0
2022-11-01,154.0,155.4,6.7961,6.4384,-0.3578,259517.99999999997,101844.0
2022-12-01,153.1,154.8,6.3194,6.0274,-0.292,252115.0,109034.0
2023-01-01,153.9,155.7,5.9188,5.6309,-0.2879,205585.0,74935.0
2023-02-01,154.5,156.4,5.2452,5.1075,-0.1377,245474.0,100968.0
2023-03-01,155.3,157.3,4.2982,4.3103,0.0122,212635.0,79111.0
2023-04-01,156.4,157.9,4.4059,4.1557,-0.2502,259257.99999999997,112079.0
2023-05-01,157.0,158.5,3.3575,3.123,-0.2345,193709.0,70197.0
2023-06-01,157.2,158.4,2.8123,2.5907,-0.2216,282657.0,120414.0
2023-07-01,158.1,159.6,3.2658,3.2342,-0.0317,253675.0,98294.0
2023-08-01,158.7,159.9,3.9974,3.7638,-0.2336,250814.0,82974.0
2023-09-01,158.5,159.7,3.7983,3.634,-0.1643,268451.0,101172.0
2023-10-01,158.6,160.3,3.1209,3.2861,0.1651,270322.0,101871.0
2023-11-01,158.8,160.6,3.1169,3.3462,0.2293,207569.0,63449.0
2023-12-01,158.3,160.0,3.3965,3.3592,-0.0373,253860.0,71249.0
2024-01-01,158.3,159.9,2.859,2.6975,-0.1615,228574.0,82214.0
2024-02-01,158.8,160.2,2.7832,2.4297,-0.3535,263539.0,88504.0
2024-03-01,159.8,161.4,2.8976,2.6065,-0.2911,242514.0,72915.0
2024-04-01,160.6,162.2,2.6854,2.7232,0.0378,240347.0,73900.0
2024-05-01,161.5,163.2,2.8662,2.9653,0.0991,258456.00000000003,87512.0
2024-06-01,161.4,163.1,2.6718,2.9672,0.2954,246101.0,66846.0
2024-07-01,162.1,163.9,2.53,2.6942,0.1642,276475.0,107034.0
2024-08-01,161.8,163.3,1.9534,2.1263,0.173,215421.0,60948.0
2024-09-01,161.1,162.8,1.6404,1.9411,0.3008,226910.0,64572.99999999999
2024-10-01,161.8,163.5,2.0177,1.9963,-0.0214,243732.0,65093.99999999999
2024-11-01,161.8,163.5,1.8892,1.8057,-0.0834,262930.0,59703.0
2024-12-01,161.2,162.7,1.832,1.6875,-0.1445,232639.0,64531.00000000001
2025-01-01,161.3,162.6,1.8951,1.6886,-0.2066,233830.0,58473.0
2025-02-01,163.0,164.6,2.6448,2.7466,0.1017,222448.0,56986.0
2025-03-01,163.5,165.1,2.3154,2.2924,-0.023,214494.0,39007.0
2025-04-01,163.4,164.8,1.7435,1.603,-0.1405,281826.0,69882.0
2025-05-01,164.3,165.9,1.7337,1.6544,-0.0793,278701.0,72263.0
2025-06-01,164.4,166.0,1.8587,1.7781,-0.0807,284165.0,62757.0
2025-07-01,164.9,166.5,1.7273,1.5863,-0.141,293877.0,76723.0
2025-08-01,164.8,166.0,1.8541,1.6534,-0.2007,244294.0,57910.0
2025-09-01,164.9,166.1,2.3588,2.027,-0.3318,280669.0,89888.0
2025-10-01,165.3,166.4,2.1632,1.7737,-0.3895,231239.0,44704.0
2025-11-01,165.4,166.6,2.225,1.896,-0.3289,253191.0,56954.0
2025-12-01,165.0,166.1,2.3573,2.0897,-0.2676,282023.0,96666.0
2026-01-01,165.0,165.9,2.2939,2.0295,-0.2643,236778.0,67980.0
2026-02-01,165.9,166.7,1.7791,1.2758,-0.5033,248831.0,69843.0
2026-03-01,167.4,168.2,2.3853,1.8776,-0.5077,239571.0,52749.0
2026-04-01,168.0,168.8,2.8152,2.4272,-0.388,271832.0,82585.0
2026-05-01,169.6,170.2,3.2258,2.5919,-0.6339,254178.0,68113.0
2026-06-01,169.0,169.3,2.7981,1.988,-0.8101,240773.0,61428.0
2026-07-01,169.9,169.9,3.0321,2.042,-0.9901,229074.0,53581.0
